<?xml version="1.0" encoding="utf-8"?>
<edmx:Edmx Version="1.0" xmlns:edmx="http://schemas.microsoft.com/ado/2007/06/edmx" xmlns:m="http://schemas.microsoft.com/ado/2007/08/dataservices/metadata" xmlns:sap="http://www.sap.com/Protocols/SAPData">
<edmx:DataServices m:DataServiceVersion="2.0">
<Schema Namespace="ZLE_TNDR_SRV" xml:lang="en" sap:schema-version="1" xmlns="http://schemas.microsoft.com/ado/2008/09/edm">
<EntityType Name="TenderShipper" sap:content-version="1">
<Key>
<PropertyRef Name="Tknum"/></Key>
<Property Name="TndrMaxp" Type="Edm.Decimal" Nullable="false" Precision="16" Scale="3" sap:label="Maximum price" sap:creatable="false" sap:updatable="false" sap:sortable="false" sap:filterable="false"/><Property Name="Tndrst" Type="Edm.String" Nullable="false" MaxLength="2" sap:label="Tender status" sap:creatable="false" sap:updatable="false" sap:sortable="false" sap:filterable="false"/><Property Name="Tknum" Type="Edm.String" Nullable="false" MaxLength="10" sap:label="Shipment Number" sap:creatable="false" sap:updatable="false" sap:sortable="false" sap:filterable="false"/><Property Name="Tpbez" Type="Edm.String" Nullable="false" MaxLength="20" sap:label="Description" sap:creatable="false" sap:updatable="false" sap:sortable="false" sap:filterable="false"/><Property Name="Btgew" Type="Edm.Decimal" Nullable="false" Precision="15" Scale="3" sap:label="Total Weight" sap:creatable="false" sap:updatable="false" sap:sortable="false" sap:filterable="false"/><Property Name="Gewei" Type="Edm.String" Nullable="false" MaxLength="3" sap:label="Unit of Weight" sap:creatable="false" sap:updatable="false" sap:sortable="false" sap:filterable="false" sap:semantics="unit-of-measure"/><Property Name="Volum" Type="Edm.Decimal" Nullable="false" Precision="13" Scale="3" sap:label="Volume" sap:creatable="false" sap:updatable="false" sap:sortable="false" sap:filterable="false"/><Property Name="Voleh" Type="Edm.String" Nullable="false" MaxLength="3" sap:label="Volume Unit" sap:creatable="false" sap:updatable="false" sap:sortable="false" sap:filterable="false" sap:semantics="unit-of-measure"/><NavigationProperty Name="ShipperToAgentNav" Relationship="ZLE_TNDR_SRV.ShipperToAgentAss" FromRole="FromRole_ShipperToAgentAss" ToRole="ToRole_ShipperToAgentAss"/></EntityType>
<EntityType Name="TenderShipperAgent" sap:content-version="1">
<Key>
<PropertyRef Name="Tknum"/><PropertyRef Name="Lifnr"/></Key>
<Property Name="Tknum" Type="Edm.String" Nullable="false" MaxLength="10" sap:label="Shipment Number" sap:creatable="false" sap:updatable="false" sap:sortable="false" sap:filterable="false"/><Property Name="Tsnum" Type="Edm.String" Nullable="false" MaxLength="4" sap:label="Stage no." sap:creatable="false" sap:updatable="false" sap:sortable="false" sap:filterable="false"/><Property Name="Lifnr" Type="Edm.String" Nullable="false" MaxLength="10" sap:label="Vendor" sap:creatable="false" sap:updatable="false" sap:sortable="false" sap:filterable="false"/><Property Name="LifnrTxt" Type="Edm.String" Nullable="false" MaxLength="30" sap:label="Name 1" sap:creatable="false" sap:updatable="false" sap:sortable="false" sap:filterable="false"/><Property Name="Tndrst" Type="Edm.String" Nullable="false" MaxLength="2" sap:label="Tender status" sap:creatable="false" sap:updatable="false" sap:sortable="false"/><Property Name="TndrText" Type="Edm.String" Nullable="false" MaxLength="80" sap:label="Tendering text" sap:creatable="false" sap:updatable="false" sap:sortable="false" sap:filterable="false"/><Property Name="TndrMaxp" Type="Edm.Decimal" Nullable="false" Precision="16" Scale="3" sap:label="Maximum price" sap:creatable="false" sap:updatable="false" sap:sortable="false" sap:filterable="false"/><Property Name="TndrActp" Type="Edm.Decimal" Nullable="false" Precision="16" Scale="3" sap:label="Actual costs" sap:creatable="false" sap:updatable="false" sap:sortable="false" sap:filterable="false"/><Property Name="TndrActc" Type="Edm.String" Nullable="false" MaxLength="5" sap:label="Currency" sap:creatable="false" sap:updatable="false" sap:sortable="false" sap:filterable="false" sap:semantics="currency-code"/><Property Name="Distz" Type="Edm.Decimal" Nullable="false" Precision="13" Scale="3" sap:label="Distance" sap:creatable="false" sap:updatable="false" sap:sortable="false" sap:filterable="false"/><Property Name="Medst" Type="Edm.String" Nullable="false" MaxLength="3" sap:label="UoM-distance" sap:creatable="false" sap:updatable="false" sap:sortable="false" sap:filterable="false" sap:semantics="unit-of-measure"/><Property Name="Vname" Type="Edm.String" Nullable="false" MaxLength="40" sap:label="Name" sap:creatable="false" sap:updatable="false" sap:sortable="false" sap:filterable="false"/><Property Name="Vstreet" Type="Edm.String" Nullable="false" MaxLength="60" sap:label="Street" sap:creatable="false" sap:updatable="false" sap:sortable="false" sap:filterable="false"/><Property Name="Vhouse" Type="Edm.String" Nullable="false" MaxLength="10" sap:label="House Number" sap:creatable="false" sap:updatable="false" sap:sortable="false" sap:filterable="false"/><Property Name="VpostCode" Type="Edm.String" Nullable="false" MaxLength="10" sap:label="Postal Code" sap:creatable="false" sap:updatable="false" sap:sortable="false" sap:filterable="false"/><Property Name="Vcity" Type="Edm.String" Nullable="false" MaxLength="40" sap:label="City" sap:creatable="false" sap:updatable="false" sap:sortable="false" sap:filterable="false"/><Property Name="Nname" Type="Edm.String" Nullable="false" MaxLength="40" sap:label="Name" sap:creatable="false" sap:updatable="false" sap:sortable="false" sap:filterable="false"/><Property Name="Nstreet" Type="Edm.String" Nullable="false" MaxLength="60" sap:label="Street" sap:creatable="false" sap:updatable="false" sap:sortable="false" sap:filterable="false"/><Property Name="Nhouse" Type="Edm.String" Nullable="false" MaxLength="10" sap:label="House Number" sap:creatable="false" sap:updatable="false" sap:sortable="false" sap:filterable="false"/><Property Name="NpostCode" Type="Edm.String" Nullable="false" MaxLength="10" sap:label="Postal Code" sap:creatable="false" sap:updatable="false" sap:sortable="false" sap:filterable="false"/><Property Name="Ncity" Type="Edm.String" Nullable="false" MaxLength="40" sap:label="City" sap:creatable="false" sap:updatable="false" sap:sortable="false" sap:filterable="false"/></EntityType>
<EntityType Name="TenderAgent" sap:content-version="1">
<Key>
<PropertyRef Name="Tknum"/></Key>
<Property Name="Tknum" Type="Edm.String" Nullable="false" MaxLength="10" sap:label="Shipment Number" sap:creatable="false" sap:updatable="false" sap:sortable="false" sap:filterable="false"/><Property Name="Tpbez" Type="Edm.String" Nullable="false" MaxLength="20" sap:label="Description" sap:creatable="false" sap:updatable="false" sap:sortable="false" sap:filterable="false"/><Property Name="Tsnum" Type="Edm.String" Nullable="false" MaxLength="4" sap:label="Stage no." sap:creatable="false" sap:updatable="false" sap:sortable="false" sap:filterable="false"/><Property Name="Lifnr" Type="Edm.String" Nullable="false" MaxLength="10" sap:label="Vendor" sap:creatable="false" sap:updatable="false" sap:sortable="false" sap:filterable="false"/><Property Name="TndrText" Type="Edm.String" Nullable="false" MaxLength="80" sap:label="Tendering text" sap:creatable="false" sap:updatable="false" sap:sortable="false" sap:filterable="false"/><Property Name="Btgew" Type="Edm.Decimal" Nullable="false" Precision="15" Scale="3" sap:label="Total Weight" sap:creatable="false" sap:updatable="false" sap:sortable="false" sap:filterable="false"/><Property Name="LifnrTxt" Type="Edm.String" Nullable="false" MaxLength="30" sap:label="Vendor text" sap:creatable="false" sap:updatable="false" sap:sortable="false" sap:filterable="false"/><Property Name="Gewei" Type="Edm.String" Nullable="false" MaxLength="3" sap:label="Unit of Weight" sap:creatable="false" sap:updatable="false" sap:sortable="false" sap:filterable="false" sap:semantics="unit-of-measure"/><Property Name="Tndrst" Type="Edm.String" Nullable="false" MaxLength="2" sap:label="Tender status" sap:creatable="false" sap:updatable="false" sap:sortable="false" sap:filterable="false"/><Property Name="Volum" Type="Edm.Decimal" Nullable="false" Precision="13" Scale="3" sap:label="Volume" sap:creatable="false" sap:updatable="false" sap:sortable="false" sap:filterable="false"/><Property Name="TndrMaxp" Type="Edm.Decimal" Nullable="false" Precision="16" Scale="3" sap:label="Maximum price" sap:creatable="false" sap:updatable="false" sap:sortable="false" sap:filterable="false"/><Property Name="Voleh" Type="Edm.String" Nullable="false" MaxLength="3" sap:label="Volume Unit" sap:creatable="false" sap:updatable="false" sap:sortable="false" sap:filterable="false" sap:semantics="unit-of-measure"/><Property Name="TndrActp" Type="Edm.Decimal" Nullable="false" Precision="16" Scale="3" sap:label="Actual costs" sap:creatable="false" sap:sortable="false" sap:filterable="false"/><Property Name="TndrActc" Type="Edm.String" Nullable="false" MaxLength="5" sap:label="Currency" sap:creatable="false" sap:updatable="false" sap:sortable="false" sap:filterable="false" sap:semantics="currency-code"/><Property Name="Distz" Type="Edm.Decimal" Nullable="false" Precision="13" Scale="3" sap:label="Distance" sap:creatable="false" sap:updatable="false" sap:sortable="false" sap:filterable="false"/><Property Name="Medst" Type="Edm.String" Nullable="false" MaxLength="3" sap:label="UoM-distance" sap:creatable="false" sap:updatable="false" sap:sortable="false" sap:filterable="false" sap:semantics="unit-of-measure"/><Property Name="Vname" Type="Edm.String" Nullable="false" MaxLength="40" sap:label="Name" sap:creatable="false" sap:updatable="false" sap:sortable="false" sap:filterable="false"/><Property Name="Vstreet" Type="Edm.String" Nullable="false" MaxLength="60" sap:label="Street" sap:creatable="false" sap:updatable="false" sap:sortable="false" sap:filterable="false"/><Property Name="Vhouse" Type="Edm.String" Nullable="false" MaxLength="10" sap:label="House Number" sap:creatable="false" sap:updatable="false" sap:sortable="false" sap:filterable="false"/><Property Name="VpostCode" Type="Edm.String" Nullable="false" MaxLength="10" sap:label="Postal Code" sap:creatable="false" sap:updatable="false" sap:sortable="false" sap:filterable="false"/><Property Name="Vcity" Type="Edm.String" Nullable="false" MaxLength="40" sap:label="City" sap:creatable="false" sap:updatable="false" sap:sortable="false" sap:filterable="false"/><Property Name="Nname" Type="Edm.String" Nullable="false" MaxLength="40" sap:label="Name" sap:creatable="false" sap:updatable="false" sap:sortable="false" sap:filterable="false"/><Property Name="Nstreet" Type="Edm.String" Nullable="false" MaxLength="60" sap:label="Street" sap:creatable="false" sap:updatable="false" sap:sortable="false" sap:filterable="false"/><Property Name="Nhouse" Type="Edm.String" Nullable="false" MaxLength="10" sap:label="House Number" sap:creatable="false" sap:updatable="false" sap:sortable="false" sap:filterable="false"/><Property Name="NpostCode" Type="Edm.String" Nullable="false" MaxLength="10" sap:label="Postal Code" sap:creatable="false" sap:updatable="false" sap:sortable="false" sap:filterable="false"/><Property Name="Ncity" Type="Edm.String" Nullable="false" MaxLength="40" sap:label="City" sap:creatable="false" sap:updatable="false" sap:sortable="false" sap:filterable="false"/></EntityType>
<Association Name="ShipperToAgentAss" sap:content-version="1">
<End Type="ZLE_TNDR_SRV.TenderShipper" Multiplicity="1" Role="FromRole_ShipperToAgentAss"/><End Type="ZLE_TNDR_SRV.TenderShipperAgent" Multiplicity="*" Role="ToRole_ShipperToAgentAss"/><ReferentialConstraint>
<Principal Role="FromRole_ShipperToAgentAss">
<PropertyRef Name="Tknum"/></Principal>
<Dependent Role="ToRole_ShipperToAgentAss">
<PropertyRef Name="Tknum"/></Dependent>
</ReferentialConstraint>
</Association>
<EntityContainer Name="ZLE_TNDR_SRV_Entities" m:IsDefaultEntityContainer="true" sap:supported-formats="atom json xlsx">
<EntitySet Name="TenderShipperSet" EntityType="ZLE_TNDR_SRV.TenderShipper" sap:creatable="false" sap:updatable="false" sap:deletable="false" sap:pageable="false" sap:content-version="1"/><EntitySet Name="TenderShipperAgentSet" EntityType="ZLE_TNDR_SRV.TenderShipperAgent" sap:creatable="false" sap:updatable="false" sap:deletable="false" sap:pageable="false" sap:content-version="1"/><EntitySet Name="TenderAgentSet" EntityType="ZLE_TNDR_SRV.TenderAgent" sap:deletable="false" sap:pageable="false" sap:content-version="1"/><AssociationSet Name="ShipperToAgentAssSet" Association="ZLE_TNDR_SRV.ShipperToAgentAss" sap:creatable="false" sap:updatable="false" sap:deletable="false" sap:content-version="1">
<End EntitySet="TenderShipperSet" Role="FromRole_ShipperToAgentAss"/><End EntitySet="TenderShipperAgentSet" Role="ToRole_ShipperToAgentAss"/></AssociationSet>
</EntityContainer>
<atom:link rel="self" href="http://hanamaster1.eu-central-1.compute.internal:50001/sap/opu/odata/sap/ZLE_TNDR_SRV/$metadata" xmlns:atom="http://www.w3.org/2005/Atom"/><atom:link rel="latest-version" href="http://hanamaster1.eu-central-1.compute.internal:50001/sap/opu/odata/sap/ZLE_TNDR_SRV/$metadata" xmlns:atom="http://www.w3.org/2005/Atom"/></Schema>
</edmx:DataServices></edmx:Edmx>